{"CreditScore": {"mean": 651.2357897552495, "std": 96.37051322647801}, "Age": {"mean": 38.962150595158484, "std": 10.561830590848126}, "Tenure": {"mean": 5.027417413401096, "std": 2.8981041298025136}, "Balance": {"mean": 76527.27146716598, "std": 62530.53764908291}, "NumOfProducts": {"mean": 1.5321653069412866, "std": 0.583018832828761}, "HasCrCard": {"mean": 0, "std": 1}, "IsActiveMember": {"mean": 0, "std": 1}, "EstimatedSalary": {"mean": 99515.52794035041, "std": 57546.21317233691}, "Geography_Germany": {"mean": 0, "std": 1}, "Geography_Spain": {"mean": 0, "std": 1}, "Gender_Male": {"mean": 0, "std": 1}}